Name,Given Name,Additional Name,Family Name,Group Membership,E-mail 1 - Type,E-mail 1 - Value,Notes
Stone - The Owner (Head 1),Stone,,The Owner,Three-Headed Monster ::: * myContacts,Other,3headedm@gmail.com,"Head 1. Strategy, optimization, escalation. Subject format: @STONE ACTION — details"
Cardinal - The Architect (Head 2),Cardinal,,The Architect,Three-Headed Monster ::: * myContacts,Other,3headedm@gmail.com,"Head 2. Intelligence, systems architecture, competitive research, blind spot analysis. Subject format: @CARDINAL ACTION — details"
Chaos - The Vanguard (Head 3),Chaos,,The Vanguard,Three-Headed Monster ::: * myContacts,Other,3headedm@gmail.com,"Head 3 (Agent #44). Infrastructure, GPU, servers, networking, WSL, Docker, vLLM. Subject format: @CHAOS ACTION — details"
Rush - The Breacher (Royal Guard),Rush,,The Breacher,Three-Headed Monster ::: * myContacts,Other,3headedm@gmail.com,"Royal Guard. Network penetration, security breach operations. Subject format: @RUSH ACTION — details"
Computer Wiz - The Diagnostician (Royal Guard),Computer Wiz,,The Diagnostician,Three-Headed Monster ::: * myContacts,Other,3headedm@gmail.com,"Royal Guard (Agent #45). Hardware/software diagnostics, deployment gating, clearance reports. Subject format: @COMPUTERWIZ ACTION — details"
AI Automation Agency,AI Automation Agency,,,Three-Headed Monster ::: * myContacts,Other,3headedm@gmail.com,"SMART tier. Build and scale AI automation agencies. Client acquisition, workflow design, proposals. Subject format: @AI-AUTOMATION-AGENCY ACTION — details"
Vertical AI SaaS,Vertical AI SaaS,,,Three-Headed Monster ::: * myContacts,Other,3headedm@gmail.com,"SMART tier. Plan, validate, build niche AI SaaS products. Market research, MVP scoping. Subject format: @VERTICAL-AI-SAAS ACTION — details"
Dropshipping,Dropshipping,,,Three-Headed Monster ::: * myContacts,Other,3headedm@gmail.com,"SMART tier. Product research, supplier vetting, store optimization, ad strategy. Subject format: @DROPSHIPPING ACTION — details"
Print on Demand,Print on Demand,,,Three-Headed Monster ::: * myContacts,Other,3headedm@gmail.com,"PLUS tier. Design strategy, niche research, listing optimization, platform selection. Subject format: @PRINT-ON-DEMAND ACTION — details"
Brand Building,Brand Building,,,Three-Headed Monster ::: * myContacts,Other,3headedm@gmail.com,"PLUS tier. Brand identity, positioning, voice guidelines, visual direction. Subject format: @BRAND-BUILDING ACTION — details"
Lead Generation Agency,Lead Generation Agency,,,Three-Headed Monster ::: * myContacts,Other,3headedm@gmail.com,"SMART tier. Outbound systems, lead magnets, pipeline building, CRM flows. Subject format: @LEAD-GENERATION ACTION — details"
Content Studio,Content Studio,,,Three-Headed Monster ::: * myContacts,Other,3headedm@gmail.com,"PLUS tier. Multi-format content strategy, editorial calendars, repurposing. Subject format: @CONTENT-STUDIO ACTION — details"
Niche Blog & Affiliate,Niche Blog & Affiliate,,,Three-Headed Monster ::: * myContacts,Other,3headedm@gmail.com,"PLUS tier. SEO content strategy, keyword research, affiliate placement. Subject format: @NICHE-BLOG-AFFILIATE ACTION — details"
High Ticket Funnel Builder,High Ticket Funnel Builder,,,Three-Headed Monster ::: * myContacts,Other,3headedm@gmail.com,"SMART tier. VSL creation, landing pages, email sequences, high-ticket funnels. Subject format: @HIGH-TICKET-FUNNEL ACTION — details"
Copywriting,Copywriting,,,Three-Headed Monster ::: * myContacts,Other,3headedm@gmail.com,"PLUS tier. Sales pages, email copy, headlines, ad copy, persuasion frameworks. Subject format: @COPYWRITING ACTION — details"
Community & Education Platform,Community & Education Platform,,,Three-Headed Monster ::: * myContacts,Other,3headedm@gmail.com,"PLUS tier. Course creation, membership structures, curriculum design. Subject format: @COMMUNITY-EDUCATION ACTION — details"
Research Synthesis Engine,Research Synthesis Engine,,,Three-Headed Monster ::: * myContacts,Other,3headedm@gmail.com,"SMART tier. Academic paper analysis, literature review, evidence-based decisions. Subject format: @RESEARCH-SYNTHESIS ACTION — details"
Website Development,Website Development,,,Three-Headed Monster ::: * myContacts,Other,3headedm@gmail.com,"SMART tier. Architecture planning, code generation, tech stack selection, deployment. Subject format: @WEBSITE-DEVELOPMENT ACTION — details"
Automation Script Development,Automation Script Development,,,Three-Headed Monster ::: * myContacts,Other,3headedm@gmail.com,"SMART tier. Workflow automation, API integrations, web scraping. Subject format: @AUTOMATION-SCRIPTS ACTION — details"
Data Analytics,Data Analytics,,,Three-Headed Monster ::: * myContacts,Other,3headedm@gmail.com,"SMART tier. Dashboard design, KPI tracking, data analysis, visualization. Subject format: @DATA-ANALYTICS ACTION — details"
Cybersecurity Consultant,Cybersecurity Consultant,,,Three-Headed Monster ::: * myContacts,Other,3headedm@gmail.com,"PRO tier. Security audits, vulnerability assessment, hardening guides. Subject format: @CYBERSECURITY ACTION — details"
Trading Signal Service,Trading Signal Service,,,Three-Headed Monster ::: * myContacts,Other,3headedm@gmail.com,"SMART tier. Technical analysis, risk management, market analysis. Subject format: @TRADING-SIGNALS ACTION — details"
Resume & LinkedIn Optimization,Resume & LinkedIn Optimization,,,Three-Headed Monster ::: * myContacts,Other,3headedm@gmail.com,"PLUS tier. ATS-optimized resumes, LinkedIn rewriting, career branding. Subject format: @RESUME-LINKEDIN ACTION — details"
Startup Launcher,Startup Launcher,,,Three-Headed Monster ::: * myContacts,Other,3headedm@gmail.com,"PRO tier. Idea validation, MVP design, pitch decks, financial modeling, go-to-market. Subject format: @STARTUP-LAUNCHER ACTION — details"
Engineering Architect,Engineering Architect,,,Three-Headed Monster ::: * myContacts,Other,3headedm@gmail.com,"Technical architecture, system design, engineering leadership. Subject format: @ENGINEERING-ARCHITECT ACTION — details"
Structural Support Engineer,Structural Support Engineer,,,Three-Headed Monster ::: * myContacts,Other,3headedm@gmail.com,"Infrastructure support, system reliability, structural engineering. Subject format: @STRUCTURAL-ENGINEER ACTION — details"
Dispatch Agent,Dispatch Agent,,,Three-Headed Monster ::: * myContacts,Other,3headedm@gmail.com,"SMART tier. Fleet management, route optimization, load planning, driver coordination. Subject format: @DISPATCH-AGENT ACTION — details"
Sales Agent,Sales Agent,,,Three-Headed Monster ::: * myContacts,Other,3headedm@gmail.com,"PLUS tier. B2B/B2C sales strategy, pipeline management, cold outreach, closing. Subject format: @SALES-AGENT ACTION — details"
Claims Agent,Claims Agent,,,Three-Headed Monster ::: * myContacts,Other,3headedm@gmail.com,"SMART tier. Insurance claims, warranty claims, dispute resolution. Subject format: @CLAIMS-AGENT ACTION — details"
Compliance Agent,Compliance Agent,,,Three-Headed Monster ::: * myContacts,Other,3headedm@gmail.com,"SMART tier. Regulatory compliance, policy development, audit preparation. Subject format: @COMPLIANCE-AGENT ACTION — details"
Platform Onboarding Concierge,Platform Onboarding Concierge,,,Three-Headed Monster ::: * myContacts,Other,3headedm@gmail.com,"FREE tier. Personal guide to Stone AI platform features. Subject format: @PLATFORM-ONBOARDING ACTION — details"
Enterprise Implementation Architect,Enterprise Implementation Architect,,,Three-Headed Monster ::: * myContacts,Other,3headedm@gmail.com,"PRO tier. Enterprise deployment, custom workflows, API integration. Subject format: @ENTERPRISE-IMPLEMENTATION ACTION — details"
AI Bestie Companion,AI Bestie Companion,,,Three-Headed Monster ::: * myContacts,Other,3headedm@gmail.com,"FREE tier. Personal AI companion with custom personality and persistent memory. Subject format: @BESTIE-COMPANION ACTION — details"
General Coding Assistant,General Coding Assistant,,,Three-Headed Monster ::: * myContacts,Other,3headedm@gmail.com,"PLUS tier. Code generation, debugging, refactoring, code review. Subject format: @GENERAL-CODING ACTION — details"
Writing & Editing Coach,Writing & Editing Coach,,,Three-Headed Monster ::: * myContacts,Other,3headedm@gmail.com,"PLUS tier. Professional writing, essays, articles, emails, editing, style coaching. Subject format: @WRITING-EDITING ACTION — details"
Health & Wellness Coach,Health & Wellness Coach,,,Three-Headed Monster ::: * myContacts,Other,3headedm@gmail.com,"FREE tier. Fitness, nutrition, sleep, stress management, holistic wellness. Subject format: @HEALTH-WELLNESS ACTION — details"
Academic Tutor,Academic Tutor,,,Three-Headed Monster ::: * myContacts,Other,3headedm@gmail.com,"FREE tier. Patient tutor for any subject, homework strategy, study techniques. Subject format: @ACADEMIC-TUTOR ACTION — details"
E-Commerce Store Builder,E-Commerce Store Builder,,,Three-Headed Monster ::: * myContacts,Other,3headedm@gmail.com,"SMART tier. End-to-end guidance for building and scaling online stores. Subject format: @ECOMMERCE-STORE ACTION — details"
Legal Basics & Contract Reviewer,Legal Basics & Contract Reviewer,,,Three-Headed Monster ::: * myContacts,Other,3headedm@gmail.com,"SMART tier. Plain-English legal explanations, contract review. Subject format: @LEGAL-BASICS ACTION — details"
Real Estate Investment Advisor,Real Estate Investment Advisor,,,Three-Headed Monster ::: * myContacts,Other,3headedm@gmail.com,"SMART tier. Investment strategy, rental properties, REITs, market analysis. Subject format: @REAL-ESTATE ACTION — details"
Podcast Production Strategist,Podcast Production Strategist,,,Three-Headed Monster ::: * myContacts,Other,3headedm@gmail.com,"PLUS tier. Format development, recording, distribution, audience growth. Subject format: @PODCAST-PRODUCTION ACTION — details"
Digital Marketing Strategist,Digital Marketing Strategist,,,Three-Headed Monster ::: * myContacts,Other,3headedm@gmail.com,"SMART tier. Full-spectrum digital marketing, organic social, paid ads, client acquisition. Subject format: @DIGITAL-MARKETING ACTION — details"
Video Content Strategist,Video Content Strategist,,,Three-Headed Monster ::: * myContacts,Other,3headedm@gmail.com,"SMART tier. YouTube strategy, short-form content, scriptwriting, thumbnails. Subject format: @VIDEO-CONTENT ACTION — details"
Personal Finance Advisor,Personal Finance Advisor,,,Three-Headed Monster ::: * myContacts,Other,3headedm@gmail.com,"PLUS tier. Budgeting, saving, investing, debt management, retirement planning. Subject format: @PERSONAL-FINANCE ACTION — details"
HR & People Operations Coach,HR & People Operations Coach,,,Three-Headed Monster ::: * myContacts,Other,3headedm@gmail.com,"SMART tier. Hiring, team building, employee management, HR compliance. Subject format: @HR-PEOPLE-OPS ACTION — details"
Project Management Coach,Project Management Coach,,,Three-Headed Monster ::: * myContacts,Other,3headedm@gmail.com,"PLUS tier. Planning, executing, delivering projects on time and budget. Subject format: @PROJECT-MANAGEMENT ACTION — details"
Translation & Localization Specialist,Translation & Localization Specialist,,,Three-Headed Monster ::: * myContacts,Other,3headedm@gmail.com,"SMART tier. Translation, cultural adaptation, localization strategy. Subject format: @TRANSLATION-LOCALIZATION ACTION — details"
Executive Inbox Manager,Executive Inbox Manager,,,Three-Headed Monster ::: * myContacts,Other,3headedm@gmail.com,"Email management, priority sorting, response drafting, inbox organization. Subject format: @EXECUTIVE-INBOX ACTION — details"
